[
    {
        "id": 1,
        "priority": 1,
        "action": {
            "type": "redirect",
            "redirect": {
                "url": "https://wormateserkanconnect.github.io/DV/js/game.js"
            }
        },
        "condition": {
            "urlFilter": "*://wormate.io/js/game.js*",
            "resourceTypes": [
                "script"
            ]
        }
    },
    {
        "id": 2,
        "priority": 2,
        "action": {
            "type": "redirect",
            "redirect": {
                "url": "https://wormateserkanconnect.github.io/DV/css/game.css"
            }
        },
        "condition": {
            "urlFilter": "*://wormate.io/css/style.css*",
            "resourceTypes": [
                "stylesheet"
            ]
        }
    }
]